username,password
regUser1,regPass1
regUser2,regPass2
regUser3,regPass3
regUser4,regPass4
regUser5,regPass5
regUser6,regPass6
regUser7,regPass7
regUser8,regPass8
regUser9,regPass9
regUser10,regPass10
regUser11,regPass11
regUser12,regPass12
regUser13,regPass13
regUser14,regPass14
regUser15,regPass15
regUser16,regPass16
regUser17,regPass17
regUser18,regPass18
regUser19,regPass19
regUser20,regPass20
regUser21,regPass21
regUser22,regPass22
regUser23,regPass23
regUser24,regPass24
regUser25,regPass25
regUser26,regPass26
regUser27,regPass27
regUser28,regPass28
regUser29,regPass29
regUser30,regPass30
